[
    {
        "_id": "A101",
        "title": "Propulsion Assignment",
        "description": "The assignment is available online. Submit a link to the landing page of your Web application running on Netlify. The landing page should include: \n- Your full name and section\n- Links to each of the lab assignments\n- Link to the Kanbas application\n- Links to all relevant source code repositories.\n\nThe Kanbas application should include a link to navigate back to the landing page.",
        "course": "RS101",
        "points": 100,
        "dueDate": "2024-05-12T12:00:00",
        "availableDate": "2024-05-01T00:00:00",
        "type": "Multiple Modules"
    },
    {
        "_id": "A102",
        "title": "Propulsion Assignment",
        "description": "Propulsion Assignment",
        "course": "RS101",
        "points": 100,
        "dueDate": "2024-05-12T12:00:00",
        "availableDate": "2024-05-01T00:00:00",
        "type": "Multiple Modules"
    },
    {
        "_id": "A103",
        "title": "Nozzle Design Project",
        "description": "Nozzle Design Project",
        "course": "RS101",
        "points": 100,
        "dueDate": "2024-05-12T12:00:00",
        "availableDate": "2024-05-01T00:00:00",
        "type": "Multiple Modules"
    },
    {
        "_id": "A201",
        "title": "Aerodynamics Quiz",
        "description": "Aerodynamics Quiz",
        "course": "RS102",
        "points": 100,
        "dueDate": "2024-05-12T12:00:00",
        "availableDate": "2024-05-01T00:00:00",
        "type": "Multiple Modules"
    },
    {
        "_id": "A202",
        "title": "Flow Analysis",
        "description": "Flow Analysis",
        "course": "RS102",
        "points": 100,
        "dueDate": "2024-05-12T12:00:00",
        "availableDate": "2024-05-01T00:00:00",
        "type": "Multiple Modules"
    },
    {
        "_id": "A203",
        "title": "Heating Analysis",
        "description": "Heating Analysis",
        "course": "RS102",
        "points": 100,
        "dueDate": "2024-05-12T12:00:00",
        "availableDate": "2024-05-01T00:00:00",
        "type": "Multiple Modules"
    },
    {
        "_id": "A301",
        "title": "Structural Design Task",
        "description": "Structural Design Task",
        "course": "RS103",
        "points": 100,
        "dueDate": "2024-05-12T12:00:00",
        "availableDate": "2024-05-01T00:00:00",
        "type": "Multiple Modules"
    },
    {
        "_id": "A302",
        "title": "Orbital Calculations",
        "description": "Orbital Calculations",
        "course": "RS103",
        "points": 100,
        "dueDate": "2024-05-12T12:00:00",
        "availableDate": "2024-05-01T00:00:00",
        "type": "Multiple Modules"
    },
    {
        "_id": "A303",
        "title": "Systems Engineering Exam",
        "description": "Systems Engineering Exam",
        "course": "RS103",
        "points": 100,
        "dueDate": "2024-05-12T12:00:00",
        "availableDate": "2024-05-01T00:00:00",
        "type": "Multiple Modules"
    }
]